"","Divorced/Separated","Living with partner in same household","Married","Single","NA"
"Freq",1,17,84,10,8
"Prop",0.00833333333333333,0.141666666666667,0.7,0.0833333333333333,0.0666666666666667
