"","Divorced/Separated","Living with partner in same household","Married","Single","Widowed"
"Freq",16,9,158,36,1
"Prop",0.0727272727272727,0.0409090909090909,0.718181818181818,0.163636363636364,0.00454545454545455
