"","1 child","2 children","3 children","4 children","5 or more children"
"Freq",57,41,24,4,3
"Prop",0.441860465116279,0.317829457364341,0.186046511627907,0.0310077519379845,0.0232558139534884
