"","Divorced/Separated","Living with partner in same household","Married","Single","Widowed"
"Freq",31,12,17,68,1
"Prop",0.24031007751938,0.0930232558139535,0.131782945736434,0.527131782945736,0.00775193798449612
