"","Home","My other children’s school","Other location","Relatives","Work"
"Freq",82,16,7,3,21
"Prop",0.635658914728682,0.124031007751938,0.0542635658914729,0.0232558139534884,0.162790697674419
