"","10 to 20 minutes","20 to 30 minutes","5 to 10 minutes","Less than 5 minutes"
"Freq",26,6,73,24
"Prop",0.201550387596899,0.0465116279069767,0.565891472868217,0.186046511627907
