"","Not well","Very well","Well"
"Freq",5,114,10
"Prop",0.0387596899224806,0.883720930232558,0.0775193798449612
