"","No","Yes"
"Freq",107,19
"Prop",0.849206349206349,0.150793650793651
