"","No","Yes"
"Freq",998,102
"Prop",0.907272727272727,0.0927272727272727
