"","Not at all","Not well","Very well","Well"
"Freq",5,136,875,96
"Prop",0.00449640287769784,0.122302158273381,0.786870503597122,0.0863309352517986
