"","Home","My other children’s school","Other location","Relatives","Work"
"Freq",853,184,35,11,68
"Prop",0.741094700260643,0.159860990443093,0.0304083405734144,0.00955690703735882,0.0590790616854909
