"","Divorced/Separated","Living with partner in same household","Married","Single","Widowed"
"Freq",75,104,687,246,1
"Prop",0.0673854447439353,0.0934411500449236,0.617250673854447,0.221024258760108,0.000898472596585804
